<?xml version="1.0" encoding="UTF-8" standalone="yes"?>
<addon id="plugin.program.matrixhackerteamhackerteam" name="HackerTeam Wizard" version="0.0.1" provider-name="HackerTeam">
    <requires>
        <import addon="xbmc.python" version="3.0.0" />
        <import addon="script.module.requests" />
        <import addon="script.module.six" />
        <import addon="script.kodi.android.update" optional="true" version="1.1.7" />
    </requires>
    
    <extension point="xbmc.python.pluginsource" library="default.py">
        <provides>executable</provides>
    </extension>
    
    <extension point="xbmc.service" library="startup.py" start="startup" />
    
    <extension point="xbmc.addon.metadata">
        <summary lang="en">HackerTeam Wizard</summary>
        <description lang="en">[COLOR yellow]HackerTeam Wizard allows you to get access to the simple to navigate, elegant &amp; fast Colussus Build[/COLOR]</description>
        <platform>all</platform>
        <reuselanguageinvoker>false</reuselanguageinvoker>
        <source>https://www.github.com/a4k-openproject/plugin.program.openwizard/</source>
        <news>
        </news>
        <assets>
            <icon>icon.png</icon>
            <fanart>fanart.png</fanart>
        </assets>
    </extension>
</addon>
